Sr.,Particulars,Qty,Rate,Total,,,
1,Dial Sohrab Js ,500,10,5000,,,
2,Dial CD 70,500,8,4000,,,
3,Dial king Hero,100,8,800,,,
4,Dial Ring ,100,6,600,,,
6,Upper Cover Unique 70,213,33,7029,,,
7,Upper Cover United 70,276,33,9108,,,
8,Back Cover 70,489,28,13692,,,
9,Housing 70,489,9,4401,,,
10,Upper Cover Sohrab Js,390,45,17550,,,
11,Housing Sohrab,390,30,11700,,,
12,Nest Sohrab,390,15,5850,,,
13,Dial Blank 70,1000,8,8000,,,
15,Upper Cover United 70,1005,33,33165,,,
16,Back Cover 70,1039,28,29092,,,
17,Housing 70,1002,9,9018,,,
18,Upper Cover Sohrab Js,325,45,14625,,,
19,Housing Sohrab Js,325,30,9750,,,
20,Nest Sohrab JS,325,15,4875,,,
21,Back Cover Sohrab JS,325,15,4875,,,
23,Dial Sohrab Js ,500,10,5000,,,
24,Dial Blank 70,500,8,4000,,,
25,Dial King Hero ,100,8,800,,,
26,Dial Ring ,100,6,600,,,
28,Dial Sohrab Js ,500,10,5000,,,
29,Dial Blank 70,1000,8,8000,,,
30,Dial Blank 70,1000,8,8000,,,
31,Housing 70,1073,9,9657,,,
32,Back Cover 70,1023,28,28644,,,
33,Upper Cover United,1023,33,33759,,,
1,Hozing 70,1009,9,9081,,,
2,Upper Cover United,709,33,23397,,,1000
4,Dial Blank 70,1000,8,8000,,,500
5,Back Covr 70,389,28,10892,,,300
6,Upper cover United,196,33,6468,,,1500
7,Back Cover 70,519,28,14532,,,
9,Back Cover 70,450,28,12600,,,
10,Housing Sohrab Js,340,30,10200,,,
12,Upper Cover United,510,33,16830,,,
13,Upper Cover Sohrab Js,489,45,22005,,,
14,Back Cover Sohrab Js,500,15,7500,,,
15,Back Cover 70,254,28,7112,,,
16,Housing 70,564,9,5076,,,
17,Nest Sohrab JS,500,15,7500,,,
18,Housing Sohrab Js,100,30,3000,,,
20,Dial Sohrab Js,500,10,5000,,,
21,Upper cover United,534,33,17622,,,
22,Back Cover 70,982,28,27496,,,
23,Housing 70,1015,9,9135,,,
24,Dial Blank Sohrab Js,500,10,5000,,,
26,Dial Blank 70 King Hero,300,8,2400,,,
27,Dial Blank 70,1500,8,12000,,,
28,Upper Cover United 70cc,507,33,16731,,,
29,Upper Cover United (Hole ) 70,162,33,5346,,,
30,Housing 70 (GC),280,9,2520,,,
32,Back Cover 70 ( GC),504,28,14112,,,
33,Housing 70,449,9,4041,,,
1,Back Cover 70,685,28,19180,,,
2,Housing 70,230,9,2070,,,
4,Upper cover United,507,33,16731,,,
5,Back Cover 70,497,28,13916,,,
6,Dial Ring,300,6,1800,,,
8,Dial Blank Sohrab Js,600,10,6000,,,
9,Dial Blank 70,1500,8,12000,,,
10,Inner  Housing Sohrab Js,500,30,15000,,,
11,Back Cover Sohrab Js,500,15,7500,,,
12,Nest Sohrab Js,482,15,7230,,,
13,Upper Cover 70 New,5,33,165,,,
14,Back Cover 70 New,5,28,140,,,
15,housing 70,5,9,45,,,
17,Upper Cover United,517,33,17061,,,
18,Upper Cover Sohrab Js,264,45,11880,,,
20,Upper Cover United,451,33,14883,,,
21,Housing 70,837,9,7533,,,
22,Back Cover Stip,3500,6,2100,,,
24,Back Cover 70,1030,28,28840,,,
25,Housing 70,1033,9,9297,,,
27,Upper Cover United,625,33,20625,,,
28,Upper Cover Unique,227,33,7491,,,
29,Housing 70 ( GC),280,9,2520,,,
30,Dial Ring 70,300,8,2400,,,
32,Upper Cover United,694,33,22902,,,
33,Upper Cover Unique,450,33,14850,,,
34,Back Cover 70,497,28,13916,,,
35,Housing 70,531,9,4779,,,
36,Upper Cover (New Model),525,33,17325,,,
37,Back Cover NeW Model),525,28,14700,,,
1,Dial Blank 70,1500,8,12000,,,
2,Upper Cover Unique,435,33,14355,,,
3,Back Cover 70,393,28,11004,,,
5,Dial Blank 70(Ring),1000,6,6000,,,
6,Dial Blank 70,1000,8,8000,,,
7,Housing 70,510,9,4590,,,
8,Housing 70 (G.C),838,9,7542,,,
9,Back Cover 70,497,28,13916,,,
10,Upper Cover United,496,33,16368,,,
11,Back Cover 70 ( G.C),122,28,3416,,,
12,Back Cover 70(Gc),680,28,19040,,,
15,Housing 70,520,9,4680,,,
16,Dial Ring 70,500,6,3000,,,
18,Upper Cover United,265,33,8745,,,
19,Back Cover 70,533,28,14924,,,
20,Housing 70,537,9,4833,,,
22,Dial Blank 70,3000,8,24000,,,
23,Upper Cover United,371,33,12243,,,
24,Back  Cover 70,390,28,10920,,,
25,Housing 70,204,9,1836,,,
27,Upper Cover United,332,33,10956,,,
28,Back Cover United,333,28,9324,,,
29,Housing 70,264,9,2376,,,
31,Upper Cover United,624,33,20592,,,
32,Upper Cover Unique,332,33,10956,,,
33,Back Cover 70,707,28,19796,,,
34,Hpusing 70,471,9,4239,,,
1,Upper Cover Sohrab Js,107,45,4815,,,
2,Housing 70 (Inner),906,9,8154,,,
4,Dial Blank 70,2000,8,16000,,,
5,Upper Cover Unique,249,33,8217,,,
6,Upper Cover United,386,33,12738,,,
9,Dial Blank King Hero,600,9,5400,,,
10,Housing 70 (Inner),528,9,4752,,,
11,Back Cover 70,464,28,12992,,,
12,Upper Cover United,651,33,21483,,,
14,Dial Blank 70,2000,9,18000,,,
15,Back Cover 70,1097,28,30716,,,
16,Upper Cover Unique,814,33,26862,,,
17,Housing 70 (Inner),596,9,5364,,,
19,Upper Cover United,454,33,14982,,,
20,Upper Cover Unique,314,33,10362,,,
22,Upper Cover United,384,33,12672,,,
23,Back Cover 70,555,28,15540,,,
24,Housing 70 (Inner),184,9,1656,,,
26,Back Cover  G.C 70,299,28,8372,,,
27,Back Cover 70,302,28,8456,,,
28,Housing 70 (Inner),308,9,2772,,,
29,Dial Blank 70,3500,9,31500,,,
30,Upper Cover United,1268,33,41844,,,
31,Back Cover 70,1254,28,35112,,,
33,Housing 70 (Inner),962,9,8658,,,
34,Back cover 70,192,28,5376,,,
36,Upper Cover United,1014,33,33462,,,
37,Back Cover 70,854,30,25620,,,
38,Housing 70 (Inner),1071,9,9639,,,
40,Dial Blank 70,2000,9,18000,,,
41,Housing 70 (Inner),1017,9,9153,,,
42,Back Cover 70,527,30,15810,,,
43,Upper Cover United,708,33,23364,,,
44,Upper Cover Sohrab Js,120,45,5400,,,
45,Housing Sohrab JS,120,30,3600,,,
46,Back Cover Sohrab,120,15,1800,,,
48,King Hero Dial Blank ,500,9,4500,,,
50,Upper Cover Unique,517,33,17061,,,
51,Back Cover 70 CC,1009,28,28252,,,
52,Upper Cover Sohrab JS,223,45,10035,,,
53,Housing Sohrab JS,60,30,1800,,,
54,Housing 70CC,1050,9,9450,,,
55,Back Cover sohrab JS,223,15,3345,,,
56,Nest Sohrab JS,223,15,3345,,,
58,Housing Sohrab JS,300,30,9000,,,
59,Back Cover 70,186,28,5208,,,
60,Housing 70,212,9,1908,,,
61,upper Cover 70,71,33,2343,,,
63,Upper Cover United 70,693,33,22869,,,
64,Back Cover 70,1320,28,36960,,,
65,Housing 70,1401,9,12609,,,
67,Dial Blank King Hero,500,9,4500,,,
68,Upper Cover United,645,33,21285,,,
69,Upper Cover Unique,544,33,17952,,,
1,Upper Cover 70 New,249,33,8217,,,
2,Housing 70,509,9,4581,,,
3,Dial Ring 70,500,6,3000,,,
5,Dial 70,500,9,4500,,,
6,Upper Cover United,701,33,23133,,,
7,Back Cover 70,675,28,18900,,,
8,Back Cover70 (Gare Counter),621,28,17388,,,
10,Upper Cover United,709,33,23397,,,
11,Dial 70,2500,9,22500,,,
12,Upper Cover United,322,33,10626,,,
,Back Cover 70,1350,28,37800,,,
13,Housing 70,1391,9,12519,,,
15,Upper Cover United,584,33,19272,,,
16,Housing 70,495,9,4455,,,
18,Upper Cover United,1060,33,34980,,,
19,Back Cover 70,1075,28,30100,,,
20,Housing 70,720,9,6480,,,
22,Dial Blank 70,3000,9,27000,,,
23,Upper Cover United,1859,33,61347,,,
24,Back Cover 70,1918,28,53704,,,
26,Upper Cover Unique,515,33,16995,,,
27,Upper Cover 70 New,530,33,17490,,,
28,Back Cover 70,1057,28,29596,,,
29,Housing 70 Black,503,9,4527,,,
31,Back Cover 70,790,28,22120,,,
32,Housing 70,1030,9,9270,,,
34,Dial Blank 70,3000,9,27000,,,
35,Housing 70 Black,1498,9,13482,,,
37,Upper Cover United,700,33,23100,,,
38,Back Cover 70,1356,28,37968,,,
39,Housing 70,692,9,6228,,,
41,Upper Cover United,774,33,25542,,,
42,Upper Cover Unique,428,33,14124,,,
43,Upper Cover United,332,33,10956,,,
45,Upper Cover United,349,33,11517,,,
46,Back Cover  70,1716,28,48048,,,
47,Housing 70 Black,2247,9,20223,,,
49,Upper Cover United,537,33,17721,,,
50,Housing 70,540,9,4860,,,
52,Upper Cover United,938,33,30954,,,
53,Back Cover 70,539,28,15092,,,
54,Back Cover 70 (Gare Counter),216,28,6048,,,
55,Housing 70,611,9,5499,,,
56,Housing 70 (Gare Counter),200,9,1800,,,
58,Upper Cover united,498,33,16434,,,
59,Housing 70 (black),525,9,4725,,,
1,Upper cover United,672,33,22176,,,
2,Housing 70 Black,283,9,2547,,,
4,Upper cover United,415,33,13695,,,
5,Back Cover 70,1059,28,29652,,,
6,Housing 70 Black,1687,9,15183,,,
8,Dial Blank 70,3000,9,27000,,,
9,Upper cover United,1009,33,33297,,,
10,Back Cover 70,1478,28,41384,,,
11,Housing 70 Black,246,9,2214,,,
,Upper cover United,2233,33,73689,,,
13,Upper Cover 70 New,509,33,16797,,,
14,Housing 70 ,575,9,5175,,,
16,Upper Cover United,495,33,16335,,,
17,Back Cover 70,288,28,8064,,,
18,Back Cover 70 (Gare Co),547,28,15316,,,
19,Housing 70,496,9,4464,,,
20,Housing 70 Gare Co,1243,9,11187,,,
22,Upper Cover  Unique,455,33,15015,,,
23,Dial Blank 70,3000,9,27000,,,
24,Dial Blank Sohrab JS,500,12,6000,,,
25,Upper Cover United,819,33,27027,,,
26,Back Cover 70,838,28,23464,,,
27,Housing 70,836,9,7524,,,
29,Dial Blank 70,2000,9,18000,,,
30,Upper cover United,749,33,24717,,,
31,Back Cover 70,904,28,25312,,,
32,Upper Cover Sohrab JS,302,45,13590,,,
33,Housing Sohrab JS,302,30,9060,,,
34,Back Cover Sohrab JS,302,15,4530,,,
35,Nest Sohrab JS,124,15,1860,,,
37,Upper Cover Unique 70,626,33,20658,,,
38,Back Cover 70,814,28,22792,,,
39,Housing 70,689,9,6201,,,
41,Upper Cover United,806,33,26598,,,
42,Upper Cover United,899,33,29667,,,
43,Back Cover 70,714,28,19992,,,
44,Housing 70,1524,9,13716,,,
46,Back Cover 70,1212,28,33936,,,
47,Housing 70,1208,9,10872,,,
48,Nest Sohrab JS,200,15,3000,,,
50,Dial Blank 70 King Hero,1000,9,9000,,,
51,Dial Blank 70,3000,9,27000,,,
52,Upper Cover United,597,33,19701,,,
53,Back Cover 70,1293,28,36204,,,
54,Housing 70,907,9,8163,,,
56,Upper Cover United,886,33,29238,,,
57,Back Cover 70,1306,28,36568,,,
58,Housing 70,1604,9,14436,,,
1,Upper Cover United,1064,33,35112,,,
2,Back Cover 70,1068,28,29904,,,
3,Housing 70 Black,604,9,5436,,,
4,Upper Cover Unique 70,530,33,17490,,,
5,back Cover 70 Gare Counter,159,28,4452,,,
6,Housing 70 Gare Counter,524,9,4716,,,
8,Upper Cover 70,370,33,12210,,,
9,Dial Ring 70,500,6,3000,,,
11,Back Cover 70,294,28,8232,,,
12,Upper Cover United,258,33,8514,,,
,Upper Cover United,420,33,13860,,,
13,Back Cover 70,186,28,5208,,,
14,Dial Blank 70,1500,9,13500,,,
15,Dial Blank Sohrab JS,500,12,6000,,,
16,Upper Cover United,144,33,4752,,,
17,Upper Cover United,366,33,12078,,,
18,Back Cover 70,451,28,12628,,,
19,Housing 70 Black,648,9,5832,,,
21,Upper Cover United,308,33,10164,,,
22,Back Cover 70,170,28,4760,,,
23,Upper Cover United,381,33,12573,,,
24,Back Cover 70,1018,28,28504,,,
25,upper Cover 70 New,231,33,7623,,,
26,back Cover 70 Gare Counter,108,28,3024,,,
27,Housing 70 Black,1063,9,9567,,,
29,Upper Cover United,664,33,21912,,,
30,Upper Cover United,842,33,27786,,,
31,Back Cover 70,905,28,25340,,,
32,Housing 70 Black,863,9,7767,,,
34,Dial Blank 70,500,9,4500,,,
35,Upper Cover United,554,33,18282,,,
36,Back Cover 70,275,28,7700,,,
37,back Cover 70 Gare Counter,522,28,14616,,,
38,Housing 70,493,9,4437,,,
40,Dial Blank 70,1000,9,9000,,,
41,dial Blank 70,3000,9,27000,,,
42,Upper Cover 70,235,33,7755,,,
43,Upper Cover United,136,33,4488,,,
44,Back Cover 70,590,28,16520,,,
45,Housing 70,166,9,1494,,,
46,Housing Sohrab JS,300,30,9000,,,
47,Nest Sohrab JS,300,15,4500,,,
49,Upper Cover United,244,33,8052,,,
50,Upper Cover Hero 70,139,33,4587,,,
51,Back Cover 70,308,28,8624,,,
53,Upper cover United,483,33,15939,,,
54,Back Cover 70,308,28,8624,,,
56,Upper Cover Zxmco,1485,33,49005,,,
57,Back Cover 70,1025,28,28700,,,
58,Housing 70,1594,9,14346,,,
59,Dial Blank 70,3000,9,27000,,,
1,Dial Ring 70,500,6,3000,,,
2,Upper Cover Sohrab JS,378,45,17010,,,
3,back Cover Sohrab JS,350,15,5250,,,
4,back Cover 70,204,28,5712,,,
6,Upper cover United,356,33,11748,,,
7,Back Cover 70,390,28,10920,,,
9,Upper Cover United,358,33,11814,,,
10,Back Cover 70,186,28,5208,,,
11,Housing 70 Black,263,9,2367,,,
13,Upper Cover United,407,33,13431,,,
14,Back Cover 70,303,28,8484,,,
15,Housing 70 Black,285,9,2565,,,
17,Upper Cover United,351,33,11583,,,
18,Back Cover 70,205,28,5740,,,
19,Housing 70 Black,270,9,2430,,,
21,Upper Cover United,314,33,10362,,,
22,Back Cover 70,170,28,4760,,,
23,Housing 70 Black,541,9,4869,,,
25,Upper Cover United,592,33,19536,,,
26,Back Cover 70,204,28,5712,,,
28,Dial Blank 70,500,9,4500,,,
29,Back Cover 70,589,28,16492,,,
30,Housing 70 Black,240,9,2160,,,
32,Back Cover 70,204,28,5712,,,
33,Back Cover 70 (Gare Counter),228,28,6384,,,
34,Housing 70 (Gare Counter),240,9,2160,,,
36,Upper Cover 70 New,76,33,2508,,,
37,Back cover  70,84,28,2352,,,
38,Housing 70,405,9,3645,,,
40,Upper Cobver Unique,222,33,7326,,,
41,Upper Cover United,247,33,8151,,,
42,Housing 70 Black,545,9,4905,,,
44,Dial Blank 70,1000,9,9000,,,
45,Back Cover 70,308,28,8624,,,
46,Housing 70 Black,485,9,4365,,,
48,Upper Cover Zxmco,336,33,11088,,,
49,back Cover 70,186,28,5208,,,
50,Back Cover 70 (Gare Counter),228,28,6384,,,
51,Housing 70 (Gare Counter),190,9,1710,,,
53,Upper Cover 70 ,263,33,8679,,,
54,Back cover  70,372,28,10416,,,
55,Housing 70,342,9,3078,,,
57,Upper Cover Zxmco,148,33,4884,,,
58,back Cover 70,308,28,8624,,,
1,Back Cover 70,714,28,19992,,,
2,Back Cover 70,204,28,5712,,,
3,Housing  70,905,9,8145,,,
5,Upper Cover Zxmco,74,33,2442,,,
6,Back Cover 70,419,28,11732,,,
7,Housing  70 black,309,9,2781,,,
9,Upper Cover Zxmco,340,33,11220,,,
10,Back Cover 70,316,28,8848,,,
11,Housing  70 black,281,9,2529,,,
13,Upper Cover Zxmco,222,33,7326,,,
14,Upper Cover Zxmco,370,33,12210,,,
15,Back Cover 70,325,28,9100,,,
16,Housing  70 black,140,9,1260,,,
18,Dial Blank 70,1500,9,13500,,,
19,Upper Cover Zxmco,404,33,13332,,,
20,Upper Cover Zxmco,444,33,14652,,,
21,Back Cover 70,296,28,8288,,,
23,Dial Blank 70,1000,9,9000,,,
24,Upper Cover Zxmco,276,33,9108,,,
25,Back Cover 70,195,28,5460,,,
26,back Cover 70 (Gare Counter),228,28,6384,,,
27,Housing 70 black,438,9,3942,,,
29,Upper Cover Zxmco,370,33,12210,,,
30,Back Cover 70,324,28,9072,,,
31,Housing  70 black,374,9,3366,,,
33,Upper Cover Zxmco,296,33,9768,,,
34,Upper Cover 70 New,232,33,7656,,,
35,Housing  70 black,452,9,4068,,,
36,Back Cover 70,93,28,2604,,,
38,Upper Cover sohrab JS,228,45,10260,,,
39,Back Cover sohrab Js,228,15,3420,,,
40,Nest Sohrab JS,228,33,7524,,,
41,Housing Sohrab Js,230,30,6900,,,
42,upper Cover Zxmco,148,33,4884,,,
44,Back Cover 70,551,28,15428,,,
45,Housing 70 black,434,9,3906,,,
47,Dial Blank 70,1000,9,9000,,,
48,Back cover 70 Gare Counter,261,28,7308,,,
49,Back Cover 70,308,28,8624,,,
50,Housing 70 gare Counter,330,9,2970,,,
52,Upper Cover Zxmco,240,33,7920,,,
53,Back Cover 70,298,28,8344,,,
54,Housing  70 black,221,9,1989,,,
56,Upper Cover Window,74,33,2442,,,
57,Back cover 70 Gare Counter,261,28,7308,,,
58,Housing 70 gare Counter,80,9,720,,,
59,Upper Cover Sohrab Window,10,45,450,,,
60,upper Cover window 70,148,33,4884,,,
61,Back Cover 70,322,28,9016,,,
62,Housing 70,386,9,3474,,,
63,Dial Blank 70,1000,9,9000,,,
1,Upper Cover Unique,296,33,9768,,,
2,Upper Cover Window 70,498,33,16434,,,
4,Blank Dial 70,1000,9,9000,,,
5,Back Cover 70,331,30,9930,,,
6,Housing 70 Black,575,10,5750,,,
7,Dial Blank 70,1000,9,9000,,,
8,upper Cover Window,148,36,5328,,,
9,Back Cover 70,295,30,8850,,,
10,Housing 70 Black,408,10,4080,,,
12,Upper Cover 70,495,36,17820,,,
13,Back Cover 70,308,30,9240,,,
15,upper Cover  Window 70,222,36,7992,,,
16,Back Cover 70,413,30,12390,,,
17,Housing 70 ,312,10,3120,,,
19,Dial Blank 70,1500,9,13500,,,
20,Upper Cover Window 70,444,36,15984,,,
21,Back Cover 70,263,30,7890,,,
23,Upper Cover Window 70,92,36,3312,,,
24,Upper Cover Unique 70,74,36,2664,,,
25,Back Cover 70,365,30,10950,,,
26,Housing 70 Black,438,10,4380,,,
28,Back Cover 70,170,30,5100,,,
29,Housing 70 Black,1018,10,10180,,,
31,Back Cover 70,603,30,18090,,,
32,Housing 70 Black,267,10,2670,,,
34,Dial Blank 70,1500,9,13500,,,
35,Upper Cover Window 70,321,36,11556,,,
37,Upper Cover Window 70,410,36,14760,,,
38,Upper Cover Unique,518,36,18648,,,
39,back Cover 70,204,30,6120,,,
40,Housing 70,120,10,1200,,,
42,upper Cover Window 70,419,36,15084,,,
43,Back Cover 70,288,30,8640,,,
45,upper Cover Window 70,157,36,5652,,,
46,Back Cover 70,200,30,6000,,,
47,Housing 70 Black,488,10,4880,,,
49,upper Cover Window 70,74,36,2664,,,
50,Back Cover 70 gare counter,704,30,21120,,,
51,Housing 70 Black,120,10,1200,,,
53,upper Cover Window 70,212,36,7632,,,
54,Back Cover 70,361,30,10830,,,
55,Housing 70 Black,308,10,3080,,,
57,upper Cover Window 70,458,36,16488,,,
58,Back Cover 70,204,30,6120,,,
59,Housing 70 Black,247,10,2470,,,
61,upper Cover Window 70,304,36,10944,,,
62,Back Cover 70,358,30,10740,,,
63,Housing 70 Black,260,10,2600,,,
1,Dial Blank 70,2000,9,18000,,,
2,Upper Cover Unique,355,36,12780,,,
3,Upper Cover Window,71,36,2556,,,
4,back Cover 70 hole,276,30,8280,,,
5,Housing 70 black,295,10,2950,,,
7,upper Cover Window 70,388,36,13968,,,
8,Back Cover 70 gare counter,251,30,7530,,,
9,Housing 70 Black,250,10,2500,,,
11,Dial Blank Sohrab js,200,12,2400,,,
12,Upper Cover window 70,222,36,7992,,,
13,back Cover 70 ,241,30,7230,,,
14,Housing 70 black,232,10,2320,,,
15,Upper Cover window 70,388,36,13968,,,
16,back Cover 70 ,192,30,5760,,,
17,Housing 70 black,255,10,2550,,,
19,Upper Cover window 70,148,36,5328,,,
20,back Cover 70 ,306,30,9180,,,
21,Housing 70 black,500,10,5000,,,
23,Upper Cover window 70,222,36,7992,,,
24,Upper Cover Soharb js,94,45,4230,,,
25,back cover Sohrab Js,100,15,1500,,,
26,Nest Sohrab Js,140,33,4620,,,
28,Upper Cover Window,148,36,5328,,,
29,Back Cover 70,174,30,5220,,,
30,Housing 70,275,10,2750,,,
31,Housing Sohrab Js Black,250,30,7500,,,
32,red Nest Sohrab Js,165,33,5445,,,
33,Back Cover Sohrab Js,100,15,1500,,,
35,Dial Blank 70,1000,9,9000,,,
36,Dial Blank 70,2500,9,22500,,,
37,Upper Cover Window,518,36,18648,,,
38,Back Cover 70,204,30,6120,,,
39,Upper Cover Window,530,36,19080,,,
40,Back Cover 70,93,30,2790,,,
41,Housing 70,288,10,2880,,,
43,Upper Cover Window,370,36,13320,,,
44,Back Cover 70,206,30,6180,,,
45,Housing 70,390,10,3900,,,
47,Upper Cover 70 New,148,36,5328,,,
48,Back  Cover 70,417,30,12510,,,
49,Housing  70,414,10,4140,,,
51,Back  Cover 70 gare Counter,352,30,10560,,,
52,Back  Cover 70,333,30,9990,,,
53,Housing  70,272,10,2720,,,
55,upper Cover  Window 70,444,36,15984,,,
56,Back  Cover 70,276,30,8280,,,
58,Upper Cover Window,444,36,15984,,,
59,Back  Cover 70,209,30,6270,,,
60,Housing  70,300,10,3000,,,
62,Upper Cover Window,314,36,11304,,,
63,Back  Cover 70,334,30,10020,,,
64,Housing  70,358,10,3580,,,
1,Upper Cover Unique,208,36,7488,,,
2,Back Cover 70 Gare counter,438,30,13140,,,
3,Housing 70 gare Counter,240,10,2400,,,
5,Back Cover 70,195,30,5850,,,
6,Housing 70,602,10,6020,,,
7,Housing 70 gare Counter,330,10,3300,,,
8,Upper Cover 70 Unique,298,36,10728,,,
9,Back Cover 70,192,30,5760,,,
10,Housing 70 Black,392,10,3920,,,
11,Upper Cover Window,198,36,7128,,,
13,Upper Cover Soharb js,300,45,13500,,,
14,Back Cover sohrab Js,285,15,4275,,,
15,Housing Sohrab Js Black,320,35,11200,,,
17,Dial Blank 70,500,9,4500,,,
18,Upper Cover Window,313,36,11268,,,
19,Back Cover 70,381,30,11430,,,
21,Back Cover 70,324,30,9720,,,
22,Housing 70,300,10,3000,,,
24,Upper Cover Window,278,36,10008,,,
25,Back Cover 70,209,30,6270,,,
26,Upper Cover Window,337,36,12132,,,
27,Back Cover 70,303,30,9090,,,
28,Housing 70 Black,240,10,2400,,,
30,Dial Blank Sohrab js,500,12,6000,,,
31,Back Cover 70,247,30,7410,,,
32,Housing 70,351,10,3510,,,
33,upper Cover Zxmco,377,36,13572,,,
34,Back Cover 70,263,30,7890,,,
35,Upper Cover Window,222,36,7992,,,
36,Back Cover 70,238,30,7140,,,
38,Upper Cover Window,518,36,18648,,,
39,Back Cover 70,392,30,11760,,,
40,Housing 70,478,10,4780,,,
42,Upper Cover Window,370,36,13320,,,
43,Back Cover 70,267,30,8010,,,
44,Housing 70,280,10,2800,,,
46,Back  Cover 70,422,30,12660,,,
47,Housing  70,410,10,4100,,,
49,Upper cover Window,462,36,16632,,,
50,Upper Cover  Unique,148,36,5328,,,
51,Back  Cover 70,77,30,2310,,,
52,Housing  70,148,10,1480,,,
54,Upper Cover Window,305,36,10980,,,
55,Back Cover 70,1438,30,43140,,,
56,Back cover 70 Hole,168,30,5040,,,
57,Housing 70 black,754,10,7540,,,
58,Housing 70 gare Counter,170,10,1700,,,
60,Upper Cover Unique,276,36,9936,,,
61,Upper Cover Window,479,36,17244,,,
63,Back  Cover 70,222,30,6660,,,
64,Housing  70,1018,10,10180,,,
66,Upper Cover Window,370,36,13320,,,
67,Housing  70 black,259,10,2590,,,
68,Housing  70 Gare counter,210,10,2100,,,
70,Dial Blank 70,1000,9,9000,,,
71,Upper Cover Unique,487,36,17532,,,
72,Upper Cover Window,296,36,10656,,,
74,upper Cover Zxmco,517,36,18612,,,
75,Back  Cover 70,297,30,8910,,,
77,Upper Cover Window,359,36,12924,,,
78,Back  Cover 70,304,30,9120,,,
79,Housing  70,477,10,4770,,,
81,upper Cover Zxmco,381,36,13716,,,
82,Back  Cover 70,296,30,8880,,,
83,Housing  70,342,10,3420,,,
85,Upper Cover Soharb js,417,45,18765,,,
86,Back cover Sohrab,400,15,6000,,,
87,Housing Sohrab,415,35,14525,,,
88,Nest Sohrab,432,15,6480,,,
89,Back  Cover 70,1327,30,39810,,,
90,Upper Cover Window,309,36,11124,,,
91,Housing 70 Black,609,10,6090,,,
93,Back  Cover 70 gare Counter,474,30,14220,,,
94,Housing  70,535,10,5350,,,
95,Upper Cover Window,20,36,720,,,
97,Upper Cover Unique,313,36,11268,,,
98,Upper Cover Window,216,36,7776,,,
99,Back  Cover 70,195,30,5850,,,
101,Upper Cover Window,599,36,21564,,,
102,Upper Cover Unique,339,36,12204,,,
103,Upper Cover 70 New,240,36,8640,,,
104,Back  Cover 70,941,30,28230,,,
105,Back  Cover 70 gare Counter,398,30,11940,,,
106,Housing  70,981,10,9810,,,
107,Housing  70 gare counter,230,10,2300,,,
109,Upper Cover Unique,168,36,6048,,,
110,Upper Cover Window,302,36,10872,,,
111,Back  Cover 70,394,30,11820,,,
113,Upper Cover Window,314,36,11304,,,
114,Back  Cover 70,362,30,10860,,,
115,Housing  70 black,135,10,1350,,,
117,Dial Blank 70,2000,9,18000,,,
118,Dial Blank sohrab JS,500,12,6000,,,
119,Upper Cover Window,300,36,10800,,,
120,Upper Cover Unique,248,36,8928,,,
121,Back  Cover 70 Gare Counter,350,30,10500,,,
123,Upper Cover Window,214,36,7704,,,
124,Back  Cover 70,253,30,7590,,,
125,Housing  70 black,441,10,4410,,,
127,Upper Cover Window,412,36,14832,,,
128,Back  Cover 70,295,30,8850,,,
129,Housing 70 Black,136,10,1360,,,
131,Upper Cover Window,319,36,11484,,,
132,Back  Cover 70,189,30,5670,,,
133,Housing  70 black,676,10,6760,,,
135,Upper Cover Window,84,36,3024,,,
136,Back  Cover 70 Hole,135,30,4050,,,
137,Back  Cover 70 Gare Counter,155,30,4650,,,
138,Housing  70,739,10,7390,,,
140,upper Cover Soharb js,153,45,6885,,,
141,Back  Cover  Sohrab js,153,15,2295,,,
142,Housing Sohrab,130,35,4550,,,
143,Nest Sohrab,153,15,2295,,,
144,Upper Cover Window,154,36,5544,,,
145,Back Cover 70,135,30,4050,,,
147,Upper Cover  Unique,251,36,9036,,,
148,back Cover 70 Gare counter,301,30,9030,,,
149,Housing  70 gare counter,143,10,1430,,,
150,Back cover 70 Hole,108,30,3240,,,
152,Upper Cover Window,325,36,11700,,,
153,Upper Cover Unique,164,36,5904,,,
154,Back cover 70 Hole,141,30,4230,,,
155,Housing  70 Gare counter,190,10,1900,,,
157,Upper Cover Window,513,36,18468,,,
158,Back  Cover  70,213,30,6390,,,
159,Upper Cover Window,464,36,16704,,,
160,Back  Cover  70,794,30,23820,,,
161,Housing  70 black,2000,10,20000,,,
162,back  Cover  70 gare Counter,618,30,18540,,,
163,Housing 70 gare Counter,580,10,5800,,,
165,Upper Cover Window,332,36,11952,,,
166,Upper Cover Unique,335,36,12060,,,
168,Upper Cover Window,832,36,29952,,,
169,Back  Cover  70,1012,30,30360,,,
170,Housing  70 black,1009,10,10090,,,
172,Upper Cover Window,598,36,21528,,,
173,Back  Cover  70,1222,30,36660,,,
174,Housing  70 ,1353,10,13530,,,
176,Upper Cover Window,148,36,5328,,,
177,Back  Cover  70,683,30,20490,,,
178,Upper Cover 70,139,36,5004,,,
179,Upper Cover Window,359,36,12924,,,
180,Back  Cover  70,306,30,9180,,,
182,Dial Blank 70,1000,9,9000,,,
183,Upper Cover Window,666,36,23976,,,
185,Upper Cover Window,444,36,15984,,,
186,Housing  70 black,318,10,3180,,,
187,Housing  70 gare counter,360,10,3600,,,
189,Upper Cover Window,536,36,19296,,,
190,Back  Cover  70,179,30,5370,,,
191,Housing  70,120,10,1200,,,
193,Upper Cover Unique,849,36,30564,,,
194,Upper Cover Window,224,36,8064,,,
195,Upper Cover 70,148,36,5328,,,
196,Back  Cover  70,724,30,21720,,,
197,Housing  70 black,1466,10,14660,,,
198,Back  Cover  70 gare Counter,542,30,16260,,,
199,Housing  70 gare counter,540,10,5400,,,
201,Upper Cover Window,1332,36,47952,,,
202,Back  Cover  70,951,30,28530,,,
203,Housing  70 black,2582,10,25820,,,
204,Dial Blank 70,1000,9,9000,,,
206,Upper Cover Window,244,36,8784,,,
207,Back  Cover  70,483,30,14490,,,
209,Upper Cover Unique,306,36,11016,,,
210,Upper Cover Window,666,36,23976,,,
211,Back  Cover  70,483,30,14490,,,
212,Housing  70 black,524,10,5240,,,
213,Upper Cover Soharb js,200,45,9000,,,
214,Housing Sohrab js Black,120,33,3960,,,
215,Nest Red,180,30,5400,,,
216,Back cover Sohrab JS,226,15,3390,,,
218,Upper Cover Window,1160,36,41760,,,
219,Back  Cover  70,334,30,10020,,,
220,Housing  70 black,1101,10,11010,,,
221,Housing Sohrab Js Black,210,33,6930,,,
223,Upper Cover Unique,564,36,20304,,,
224,Back  Cover  70,408,30,12240,,,
225,Back  Cover  70 gare Counter,307,30,9210,,,
226,Housing  70 Gare counter,320,10,3200,,,
228,Upper Cover Unique,224,36,8064,,,
229,Back  Cover  70,1083,30,32490,,,
230,Housing  70 black,540,10,5400,,,
232,Upper Cover Window,971,36,34956,,,
233,back  Cover  70,399,30,11970,,,
234,Housing  70 black,532,10,5320,,,
236,Upper Cover Window,776,36,27936,,,
237,Upper Cover Window,370,36,13320,,,
238,back  Cover  70,888,30,26640,,,
239,Housing  70 black,1506,10,15060,,,
241,upper Cover window,314,36,11304,,,
242,Back  Cover  70,818,30,24540,,,
243,Back cover 70 gare counter,316,30,9480,,,
244,Housing 70 Gare Co,510,10,5100,,,
245,Housing 70 Sohrab js Black,400,33,13200,,,
246,Back Cover Sohrab,400,15,6000,,,
247,Nest sohrab,400,15,6000,,,
248,Housing 70 Black,498,10,4980,,,
250,dial blank Sohrab JS,500,12,6000,,,
251,Upper Cover Soharb js,400,45,18000,,,
252,Upper Cover 70 new,498,36,17928,,,
253,back  Cover  70,1403,30,42090,,,
254,Housing  70 black,1126,10,11260,,,
256,Upper Cover Window,1040,36,37440,,,
257,back  Cover  70,1124,30,33720,,,
258,Housing  70 black,1174,10,11740,,,
260,Upper Cover Window,464,36,16704,,,
261,Upper Cover 70,286,36,10296,,,
262,back  Cover  70,629,30,18870,,,
263,Housing  70 black,390,10,3900,,,
265,Upper Cover 70 New,451,36,16236,,,
266,Upper Cover Window,760,36,27360,,,
267,back  Cover  70,1537,30,46110,,,
268,Housing  70 black,1081,10,10810,,,
269,dial Blank Sohrab JS,500,12,6000,,,
271,Back  Cover  70,1228,30,36840,,,
272,Housing  70 black,620,10,6200,,,
273,Back Cover Sohrab JS,60,15,900,,,
275,Upper Cover Window,736,36,26496,,,
276,back  Cover  70,492,30,14760,,,
278,Upper Cover Window,927,36,33372,,,
279,back  Cover  70,426,30,12780,,,
280,Housing  70 black,800,10,8000,,,
282,Upper Cover window,296,36,10656,,,
283,upper Cover window,805,36,28980,,,
284,Back  Cover  70,834,30,25020,,,
285,Housing  70 Black,915,10,9150,,,
286,Upper cover soharb js,529,45,23805,,,
287,housing  sohrab Js,540,33,17820,,,
288,nest Red,598,30,17940,,,
289,Back Cover Sohrab JS,550,15,8250,,,
291,Upper Cover 70 New,495,36,17820,,,
292,Upper Cover Window,641,36,23076,,,
293,Back  Cover  70,701,30,21030,,,
294,Housing  70 Black,800,10,8000,,,
296,upper Cover Window,390,36,14040,,,
297,Upper Cover 70 New,407,36,14652,,,
299,Upper Cover Window,707,36,25452,,,
300,Back  Cover  70,995,30,29850,,,
301,Housing  70 Black,1015,10,10150,,,
303,Upper Cover window,808,36,29088,,,
304,Upper Cover window,696,36,25056,,,
305,Back  Cover  70,1029,30,30870,,,
306,Housing  70 Black,640,10,6400,,,
308,upper cover Unique,613,36,22068,,,
309,upper Cover window,159,36,5724,,,
310,Dial Blank sohrab JS,440,12,5280,,,
312,Upper cover Window,804,36,28944,,,
313,Upper Cover Window,375,36,13500,,,
314,Housing 70,678,10,6780,,,
316,Upper Cover window,778,36,28008,,,
317,Back  Cover  70,519,30,15570,,,
318,Housing  70 Black,1562,10,15620,,,
320,Back  Cover  70,1512,30,45360,,,
321,Housing  70 Black,1413,10,14130,,,
323,Upper Cover window,619,36,22284,,,
324,Upper Cover window,484,36,17424,,,
325,Back  Cover  70,198,30,5940,,,
327,Upper Cover window,407,36,14652,,,
328,Back  Cover  70,237,30,7110,,,
329,Housing  70 Black,213,10,2130,,,
331,Upper Cover Unique,731,36,26316,,,
332,Upper Cover window,461,36,16596,,,
333,back  Cover  70,1444,30,43320,,,
334,Housing  70 Black,648,10,6480,,,
336,upper Cover window,594,36,21384,,,
337,Housing  70 Black,248,10,2480,,,
339,Upper Cover Sohrab JS,515,45,23175,,,
340,Back Cover Sohrab js Black,520,15,7800,,,
341,Housing Sohrab Js,290,33,9570,,,
342,Upper Cover window,529,36,19044,,,
343,back  Cover  70,504,30,15120,,,
344,Housing  70 Black,1232,10,12320,,,
346,Upper Cover window,1039,36,37404,,,
347,back  Cover  70,1086,30,32580,,,
348,Housing  70 Black,1204,10,12040,,,
349,Housing  70 gare counter,989,10,9890,,,
351,Upper cover Window,744,36,26784,,,
352,Upper Cover window,1673,36,60228,,,
353,back  Cover  70,621,30,18630,,,
354,Housing  70 Black,664,10,6640,,,
355,housing sohrab Js Black,393,33,12969,,,
356,Nest Sohrab,460,15,6900,,,
358,Back Cover 70,686,30,20580,,,
359,Upper Cover window,1085,36,39060,,,
360,back  Cover  70,1868,30,56040,,,
361,Dial Blank Sohrab JS,520,12,6240,,,
363,Upper Cover Window,454,36,16344,,,
364,Housing 70 Black,575,10,5750,,,
366,Upper Cover window,1308,36,47088,,,
367,back  Cover  70,1011,30,30330,,,
368,Housing  70 Black,1309,10,13090,,,
370,Upper Cover window,1136,36,40896,,,
371,back  Cover  70,1097,30,32910,,,
372,Housing  70 Black,1206,10,12060,,,
374,Upper Cover unique,444,36,15984,,,
375,Back Cover 70 Gare Counter,410,30,12300,,,
376,Housing 70 Gare Counter Black,450,10,4500,,,
377,Upper Cover soharb js,305,45,13725,,,
378,back Cover Sohrab Js,305,15,4575,,,
379,Housing Sohrab Js Black,305,33,10065,,,
380,Nest Red,305,30,9150,,,
381,Upper Cover Window,797,36,28692,,,
382,Back Cover 70,846,30,25380,,,
384,Upper Cover Window,1270,36,45720,,,
385,Back  Cover  70,1072,30,32160,,,
386,Back  Cover  70 Hole,382,30,11460,,,
387,Housing  70 Black,916,10,9160,,,
389,Upper Cover Window,533,36,19188,,,
390,Back Cover 70,558,30,16740,,,
391,Housing 70 Black,1037,10,10370,,,
392,Upper Cover Soharb js,438,45,19710,,,
393,Back Cover Sohrab Js,420,15,6300,,,
394,Housing Sohrab Js Black,420,33,13860,,,
395,Nest Red,400,30,12000,,,
396,Dial Blank qinque,520,12,6240,,,
398,Upper Cover Window,738,36,26568,,,
399,Back Cover 70,840,30,25200,,,
400,Housing 70 Black,852,10,8520,,,
402,Back  Cover  70,1632,30,48960,,,
403,Housing  70 Black,840,10,8400,,,
405,Upper Cover Window,995,36,35820,,,
406,Upper Cover Unique,378,36,13608,,,
407,Back  Cover  70,664,30,19920,,,
408,Back  Cover  70 Gare Counter,342,30,10260,,,
409,Housing 70 Black,1777,10,17770,,,
410,Housing  70 black Gare counter,70,10,700,,,
413,Upper Cover Window,1554,36,55944,,,
414,Back Cover 70,863,30,25890,,,
415,Housing 70 Black,1392,10,13920,,,
417,Upper Cover Window,1222,36,43992,,,
418,Back Cover 70,994,30,29820,,,
419,Housing 70 Black,978,10,9780,,,
420,Upper Cover Sohrab JS,312,45,14040,,,
421,back cover Sohrab jS,321,15,4815,,,
422,Housing  Sohrab Js,310,33,10230,,,
423,Nest sohrab,315,30,9450,,,
425,Upper Cover Window,1560,36,56160,,,
426,Back Cover 70,1561,30,46830,,,
427,Housing 70 Black,906,10,9060,,,
429,Upper Cover Window,1784,36,64224,,,
430,Back Cover 70,825,30,24750,,,
431,Housing 70 Black,900,10,9000,,,
433,Upper Cover Window,1358,36,48888,,,
434,Back Cover 70,1530,30,45900,,,
435,Housing 70 Black,465,10,4650,,,
437,upper Cover Soharb js,500,45,22500,,,
438,back cover sohrab,500,20,10000,,,
439,Housing Sohrab Js,500,33,16500,,,
440,Nest sohrab jS,500,20,10000,,,
441,dial Blank Sohrab JS,1000,12,12000,,,
442,Upper Cover Unique,500,36,18000,,,
443,Back Cover 70 gare Counter,500,30,15000,,,
445,Upper Cover Window,1448,36,52128,,,
446,Back  Cover  70,1701,30,51030,,,
447,Housing  70,1800,10,18000,,,
449,Back  Cover  70,612,30,18360,,,
450,Housing 70 Black,540,10,5400,,,
452,Upper Cover Window,962,36,34632,,,
453,Back  Cover  70,1054,30,31620,,,
454,Housing 70 Black,1077,10,10770,,,
456,Upper Cover Window,961,36,34596,,,
457,Back  Cover  70,808,30,24240,,,
458,Back cover 70 Hole,299,30,8970,,,
459,Housing 70 Black,1128,10,11280,,,
461,Upper Cover Window,1534,36,55224,,,
462,Back  Cover  70,912,30,27360,,,
463,Housing  70 Black,885,10,8850,,,
465,Upper Cover Window,168,36,6048,,,
466,Back  Cover  70,1003,30,30090,,,
468,Housing  70 Black,684,10,6840,,,
469,Upper Cover Window,710,36,25560,,,
470,Back  Cover  70,1002,30,30060,,,
471,Housing  70 Black,1135,10,11350,,,
473,Upper Cover Window,542,36,19512,,,
474,Back  Cover  70,1110,30,33300,,,
475,Housing  70 Black,534,10,5340,,,
477,Upper Cover Window,960,36,34560,,,
478,Back  Cover  70,204,30,6120,,,
479,Housing  70 Black,866,10,8660,,,
481,Upper Cover Window,755,36,27180,,,
482,Back  Cover  70,322,30,9660,,,
483,Housing  70 Black,528,10,5280,,,
485,Upper Cover Window,1182,36,42552,,,
486,Back  Cover  70,529,30,15870,,,
487,Housing  70 Black,350,10,3500,,,
488,Housing  70 gare counter,530,10,5300,,,
490,Upper Cover Window,282,36,10152,,,
491,Back  Cover  70,1265,30,37950,,,
492,Housing  70 Black,876,10,8760,,,
494,Upper Cover Window,74,36,2664,,,
495,Back  Cover  70,272,30,8160,,,
497,Upper Cover Window,386,36,13896,,,
498,Back  Cover  70,154,30,4620,,,
500,Upper Cover Window,188,36,6768,,,
501,Back  Cover  70,363,30,10890,,,
502,Upper Cover Soharb js,178,45,8010,,,
503,Back  Cover  Sohrab js,300,20,6000,,,
504,Nest Sohrab,300,20,6000,,,
505,Housing  70 Black,1070,10,10700,,,
507,Upper Cover Soharb js,60,45,2700,,,
508,Back  Cover  70,620,30,18600,,,
510,Upper Cover Window,188,36,6768,,,
511,Back  Cover  70,783,30,23490,,,
512,Housing  70 Black,880,10,8800,,,
514,Upper Cover Window,332,36,11952,,,
515,Upper Cover Window,837,36,30132,,,
516,Upper Cover Window,596,36,21456,,,
517,Back  Cover  70,281,30,8430,,,
519,Upper Cover Window,227,36,8172,,,
520,Back  Cover  70,848,30,25440,,,
521,Housing  70 Black,1174,10,11740,,,
523,Upper Cover Window,824,36,29664,,,
524,Housing  70 Black,342,10,3420,,,
526,Upper Cover Window,188,36,6768,,,
527,Back  Cover  70,984,30,29520,,,
528,Housing  70 Black,336,10,3360,,,
530,Upper Cover Window,429,36,15444,,,
531,Housing  70 Black,600,10,6000,,,
533,Upper cover Soharb js,390,45,17550,,,
534,Housing Sohrab js Black,205,33,6765,,,
535,Back Cover sohrab,400,20,8000,,,
536,Nest Sohrab,403,20,8060,,,
537,Upper Cover Window,752,36,27072,,,
538,Back  Cover  70,213,30,6390,,,
539,Back  Cover  70 Hole,229,30,6870,,,
540,Housing  70 Black,362,10,3620,,,
542,Back  Cover  70,714,30,21420,,,
543,Upper Cover Window,1027,36,36972,,,
544,Back  Cover  70,582,30,17460,,,
545,Housing  70 Black,1032,10,10320,,,
547,Upper Cover Window,746,36,26856,,,
548,Upper Cover Window,670,36,24120,,,
549,Back  Cover  70,657,30,19710,,,
550,Housing  70 Black,440,10,4400,,,
552,Upper Cover Window,1030,36,37080,,,
553,Back  Cover  70,995,30,29850,,,
554,Housing  70 black,1011,10,10110,,,
556,Upper cover window,188,36,6768,,,
557,Back  Cover  70,537,30,16110,,,
558,Back  Cover  70 Gare Counter,162,30,4860,,,
559,Housing  70 Black,615,10,6150,,,
561,upper cover window,94,36,3384,,,
562,back  Cover  70,333,30,9990,,,
563,Housing  70 Black,405,10,4050,,,
565,Upper cover Unique,400,36,14400,,,
566,Back  Cover  70 gare Counter,412,30,12360,,,
567,Housing  70 gare counter,400,10,4000,,,
568,back  Cover  70,368,30,11040,,,
570,Upper Cover  Window 70,480,36,17280,,,
571,Back  Cover  70,294,30,8820,,,
572,Housing  70 Black,405,10,4050,,,
574,Upper Cover Window,249,36,8964,,,
575,Back  Cover  70,522,30,15660,,,
576,Housing  70 Black,156,10,1560,,,
578,Upper cover window,480,36,17280,,,
579,Back  Cover  70,617,30,18510,,,
580,Housing  70 Black,735,10,7350,,,
582,Upper cover window,596,36,21456,,,
583,back  Cover  70,828,30,24840,,,
584,Housing  70 black,210,10,2100,,,
586,Upper cover window,735,36,26460,,,
587,back  Cover  70,750,30,22500,,,
588,Housing  70 black,760,10,7600,,,
590,Upper cover window,343,36,12348,,,
591,back  Cover  70,240,30,7200,,,
592,Housing  70 black,815,10,8150,,,
593,Upper cover soharb js,396,45,17820,,,
594,Dial blank Sohrab JS,1000,12,12000,,,
596,upper Cover Window,309,36,11124,,,
597,upper cover 70 New,182,36,6552,,,
599,Upper Cover window,678,36,24408,,,
600,Housing 70 black,192,10,1920,,,
601,Upper Cover window,94,36,3384,,,
602,Back  Cover  70,283,30,8490,,,
603,Housing  70 black,1140,10,11400,,,
605,Upper Cover window,282,36,10152,,,
606,Back  Cover  70,358,30,10740,,,
607,Housing  70 black,510,10,5100,,,
609,Upper Cover window,455,36,16380,,,
610,Back  Cover  70,655,30,19650,,,
611,Housing  70 black,465,10,4650,,,
613,Upper cover window,458,36,16488,,,
614,back  Cover  70,247,30,7410,,,
616,back  Cover  70,732,30,21960,,,
617,Upper Cover window,368,36,13248,,,
618,back  Cover  70,552,30,16560,,,
619,Housing  70,756,10,7560,,,
621,Upper Cover Window,1569,36,56484,,,
622,Back  Cover  70,1171,30,35130,,,
623,Housing  70 Black,508,10,5080,,,
625,Upper Cover window,490,36,17640,,,
626,Back  Cover  70,534,30,16020,,,
627,back Cover 70 Hole,133,30,3990,,,
628,Housing  70 black,642,10,6420,,,
629,Housing Sohrab Js Black,200,33,6600,,,
631,upper cover window,347,36,12492,,,
632,back  Cover  70 hole,238,30,7140,,,
633,Housing  70 Black,403,10,4030,,,
635,Upper Cover Window,376,36,13536,,,
636,Back  Cover  70,474,30,14220,,,
637,Housing  70 black,280,10,2800,,,
638,Housing sohrab JS black,255,33,8415,,,
640,Upper Cover Window,489,36,17604,,,
641,Back  Cover  70,102,30,3060,,,
642,Housing  70 black,945,10,9450,,,
644,Upper Cover Window,282,36,10152,,,
645,Back  Cover  70,307,30,9210,,,
646,Housing  70 black,560,10,5600,,,
648,Upper Cover Window,583,36,20988,,,
649,Back  Cover  70,408,30,12240,,,
650,Housing  70 black,394,10,3940,,,
652,Upper Cover Window,586,36,21096,,,
653,Back  Cover  70,252,30,7560,,,
654,Housing  70 black,555,10,5550,,,
656,Back  Cover  70,691,30,20730,,,
657,Upper Cover Window,678,36,24408,,,
658,Back  Cover  70,664,30,19920,,,
659,Housing  70 black,810,10,8100,,,
661,Upper Cover Window,332,36,11952,,,
662,Back  Cover  70,612,30,18360,,,
663,Housing  70 black,554,10,5540,,,
665,Upper Cover Window,811,36,29196,,,
666,Back  Cover  70,861,30,25830,,,
668,Upper Cover Window,159,36,5724,,,
669,Back  Cover  70,546,30,16380,,,
670,Housing  70 black,711,10,7110,,,
672,Upper Cover Window,620,36,22320,,,
673,Back  Cover  70,621,30,18630,,,
674,Housing  70 black,570,10,5700,,,
676,Upper Cover soharb js,330,45,14850,,,
677,back Cover Sohrab JS,400,20,8000,,,
678,Housing Sohrab js black,220,33,7260,,,
679,Nest Sohrab,400,20,8000,,,
681,Housing 70 Black,360,10,3600,,,
682,upper Cover Window,76,36,2736,,,
683,Housing 70 blue,140,10,1400,,,
684,Cover set 125 New,100,125,12500,,,
685,dial blank 125,400,8,3200,,,
687,Upper Cover window,368,36,13248,,,
688,back  Cover  70,1065,30,31950,,,
689,Housing  70 Black,900,10,9000,,,
691,Upper Cover window,745,36,26820,,,
692,back  Cover  70,537,30,16110,,,
693,Housing  70 Black,540,10,5400,,,
695,Upper Cover window,538,36,19368,,,
696,back  Cover  70,795,30,23850,,,
697,Housing  70 Black,516,10,5160,,,
698,Back  Cover  70,333,30,9990,,,
699,Housing  70,360,10,3600,,,
701,Upper Cover window,721,36,25956,,,
702,back  Cover  70,453,30,13590,,,
704,Upper Cover window,458,36,16488,,,
705,upper Cover Unique,94,36,3384,,,
706,Housing  70 black,418,10,4180,,,
707,Housing  70 Black,180,10,1800,,,
709,Back  Cover  70,555,30,16650,,,
710,Housing  70,500,10,5000,,,
712,upper cover Window,470,36,16920,,,
713,Housing  70 black,720,10,7200,,,
715,Upper cover window,533,36,19188,,,
716,back  Cover  70,426,30,12780,,,
717,Housing  70 Black,672,10,6720,,,
719,Upper Cover Window,597,36,21492,,,
720,Upper Cover 70 New,442,36,15912,,,
721,back  Cover  70,408,30,12240,,,
722,Housing  70 black,180,10,1800,,,
724,upper Cover window,439,36,15804,,,
725,Back  Cover  70,1041,30,31230,,,
726,Housing  70 Black,360,10,3600,,,
728,Upper Cover Window,606,36,21816,,,
729,Housing 70 Black,720,10,7200,,,
730,Upper Cover window,698,36,25128,,,
731,Back  Cover  70,102,30,3060,,,
733,Upper cover window,600,36,21600,,,
734,back  Cover  70,813,30,24390,,,
735,Housing  70 Black,810,10,8100,,,
737,Upper cover window,376,36,13536,,,
738,back  Cover  70,526,30,15780,,,
739,Housing  70 Black,615,10,6150,,,
741,Upper cover 70 new,459,36,16524,,,
742,upper cover window,283,36,10188,,,
743,back  Cover  70,600,30,18000,,,
744,Housing  70 black,1026,10,10260,,,
746,upper cover window,178,36,6408,,,
747,back  Cover  70,288,30,8640,,,
748,Housing  70 black,600,10,6000,,,
750,upper cover window,581,36,20916,,,
751,back  Cover  70,555,30,16650,,,
752,Housing  70 black,390,10,3900,,,
754,Back  Cover  70,777,30,23310,,,
755,upper cover window,845,36,30420,,,
756,back  Cover  70,895,30,26850,,,
757,Housing  70 black,961,10,9610,,,
759,upper cover window,460,36,16560,,,
760,back  Cover  70,195,30,5850,,,
761,Housing  70 ,180,10,1800,,,
763,upper cover window,950,36,34200,,,
764,back  Cover  70,994,30,29820,,,
765,Housing  70 black,810,10,8100,,,
766,Back Cover Sohrab,400,20,8000,,,
767,Nest Red sohrab js,250,20,5000,,,
769,Back  Cover  70,642,30,19260,,,
770,Housing 70 Black,699,10,6990,,,
771,Housing Sohrab Js Black,510,33,16830,,,
773,Upper Cover 70 New,567,36,20412,,,
774,Back  Cover  70,504,30,15120,,,
775,Housing  70 blue,839,10,8390,,,
777,Upper cover window,655,36,23580,,,
778,Back  Cover  70,154,30,4620,,,
779,upper cover window,242,36,8712,,,
780,Back  Cover  70,763,30,22890,,,
781,Housing  70 Black,1040,10,10400,,,
783,Upper Cover Window,558,36,20088,,,
784,Housing  70 Black,284,10,2840,,,
786,Upper Cover window,461,36,16596,,,
787,Back  Cover  70,228,30,6840,,,
788,Housing  70 black,290,10,2900,,,
790,Upper Cover window,574,36,20664,,,
791,Back  Cover  70,204,30,6120,,,
793,Upper Cover window,415,36,14940,,,
794,Back  Cover  70,982,30,29460,,,
795,Housing  70 black,684,10,6840,,,
797,Upper cover 70 New,260,36,9360,,,
798,upper Cover window,297,36,10692,,,
799,Back  Cover  70,543,30,16290,,,
800,Housing  70 blue,518,10,5180,,,
801,Dial Blank sohrab JS,400,12,4800,,,
802,Rubber boot 125,200,1,200,,,
804,Upper Cover 70 new,475,36,17100,,,
805,back  Cover  70,639,30,19170,,,
806,Housing 70 blue,223,10,2230,,,
808,Upper Cover 70 New,402,36,14472,,,
809,back  Cover  70,324,30,9720,,,
811,Housing  70 Black,490,10,4900,,,
812,back  Cover  70,583,30,17490,,,
813,Housing  70 black,602,10,6020,,,
814,back cover 125,100,20,2000,,,
816,Upper Cover window,775,36,27900,,,
817,Housing 70 Black,630,10,6300,,,
819,Upper cover Window,500,36,18000,,,
820,back  Cover  70,240,30,7200,,,
821,Housing  70 Black,420,10,4200,,,
823,Upper Cover window,378,36,13608,,,
824,Housing 70 black,540,10,5400,,,
826,Upper cover 70 New,641,36,23076,,,
827,dial Blank 125,200,9,1800,,,
829,Upper Cover Window,597,36,21492,,,
830,Back  Cover  70,504,30,15120,,,
831,Housing  70 Black,360,10,3600,,,
833,Upper Cover Window,687,36,24732,,,
834,Back  Cover  70,510,30,15300,,,
835,Housing  70 Black,540,10,5400,,,
836,Housing  70 blue,250,10,2500,,,
837,Upper Cover soharb js,310,45,13950,,,
838,Back Cover sohrab,300,20,6000,,,
839,Housing sohrab,320,33,10560,,,
841,back  Cover  70,726,30,21780,,,
842,Housing  70 Black,540,10,5400,,,
844,upper cover window,480,36,17280,,,
845,Back  Cover  70,555,30,16650,,,
846,Nest Red sohrab js,300,20,6000,,,
848,Upper Cover window,560,36,20160,,,
849,Upper Cover Window,363,36,13068,,,
850,Upper Cover 70 New,152,36,5472,,,
851,Back  Cover  70,778,30,23340,,,
853,Back  Cover  70,1386,30,41580,,,
854,Upper Cover Window,771,36,27756,,,
855,Housing  70 Black,300,10,3000,,,
857,Upper Cover Window,74,36,2664,,,
858,Back  Cover  70,714,30,21420,,,
859,Housing  70 Black,1080,10,10800,,,
860,back cover 125,100,20,2000,,,
862,Upper Cover Window,648,36,23328,,,
863,Back  Cover  70,333,30,9990,,,
864,Housing  70 Black,510,10,5100,,,
865,back cover 125,100,20,2000,,,
867,Upper Cover Window,604,36,21744,,,
868,Back  Cover  70,564,30,16920,,,
870,Upper Cover Window,618,36,22248,,,
871,Back  Cover  70,336,30,10080,,,
872,Housing  70 Black,500,10,5000,,,
873,,,,37328,,,
874,Upper Cover Window,304,36,10944,,,
875,Back  Cover  70,466,30,13980,,,
876,Housing  70 Black,355,10,3550,,,
877,Housing  70 blue,360,10,3600,,,
878,Nest Sohrab,340,20,6800,,,
879,,,,38874,,,
880,Upper Cover Window,450,36,16200,,,
881,Back  Cover  70,582,30,17460,,,
882,Housing  70 Black,530,10,5300,,,
883,,,,38960,,,
884,Upper cover Soharb js,417,45,18765,,,
885,Upper Cover Window,408,36,14688,,,
886,,,,33453,,,
887,Upper Cover Window,608,36,21888,,,
888,Dial Blank sohrab JS,1000,12,12000,,,
889,Back  Cover  70,324,30,9720,,,
890,Housing  70 Black,390,10,3900,,,
891,,,,25620,,,
892,Upper Cover Window,439,36,15804,,,
893,Back  Cover  70,474,30,14220,,,
894,Housing  70 Black,530,10,5300,,,
895,,,,35324,,,
896,Back  Cover  70,1016,30,30480,,,
897,Housing  70,780,10,7800,,,
898,,,,38280,,,
899,Upper Cover Window,710,36,25560,,,
900,Back  Cover  70,666,30,19980,,,
901,Housing  70 Black,1016,10,10160,,,
902,,,,55700,,,
903,Upper Cover Window,243,36,8748,,,
904,Back  Cover  70,696,30,20880,,,
905,Housing  70 Black,654,10,6540,,,
906,,,,36168,,,
907,Upper Cover 70 New,568,36,20448,,,
908,Upper Cover Window,580,36,20880,,,
909,Back  Cover  70,542,30,16260,,,
910,Housing  70 Black,488,10,4880,,,
911,,,,62468,,,
912,Upper Cover Window,728,36,26208,,,
913,Back  Cover  70,555,30,16650,,,
914,Housing  70 Black,630,10,6300,,,
915,,,,49158,,,
916,Upper Cover Window,812,36,29232,,,
917,Back  Cover  70,533,30,15990,,,
918,Housing  70 Black,360,10,3600,,,
919,,,,48822,,,
920,Upper Cover Window,1248,36,44928,,,
921,Back  Cover  70,933,30,27990,,,
922,Housing  70 Black,1152,10,11520,,,
923,,,,84438,,,
924,Upper Cover Window,170,36,6120,,,
925,Upper Cover Zxmco,537,36,19332,,,
926,Back  Cover  70,709,30,21270,,,
927,Housing 70 Black,1232,10,12320,,,
928,upper Cover Soharb js,240,45,10800,,,
929,housing sohrab,250,33,8250,,,
930,Nest Sohrab,300,20,6000,,,
931,,,,84092,,,
932,Upper Cover Window,752,36,27072,,,
933,Back  Cover  70,600,30,18000,,,
934,Back  Cover  70 Hole,849,30,25470,,,
935,Housing  70 Black,774,10,7740,,,
936,,,,78282,,,
937,Upper Cover Window,752,36,27072,,,
938,Back  Cover  70,771,30,23130,,,
939,Housing  70 Black,825,10,8250,,,
940,,,,58452,,,
941,Upper Cover Window,252,36,9072,,,
942,Back  Cover  70,512,30,15360,,,
943,Housing  70 Black,530,10,5300,,,
944,,,,29732,,,
945,Upper Cover Window,728,36,26208,,,
946,Upper Cover Window,539,36,19404,,,
947,Back  Cover  70,957,30,28710,,,
948,Housing  70 Black,810,10,8100,,,
949,,,,56214,,,
950,Upper Cover Window,1150,36,41400,,,
951,Housing 70 Black,1100,10,11000,,,
952,,,,52400,,,
953,Upper Cover Window,358,36,12888,,,
954,Back  Cover  70,696,30,20880,,,
955,Housing  70 Black,514,10,5140,,,
956,,,,38908,,,
957,Upper Cover Window,731,36,26316,,,
958,Back  Cover  70,222,30,6660,,,
959,Housing  70 Black,540,10,5400,,,
960,,,,38376,,,
961,Upper Cover Soharb js,509,45,22905,,,
962,back Cover sohrab,700,20,14000,,,
963,nest sohrab js,500,20,10000,,,
964,Back  Cover  70,1011,30,30330,,,
965,Housing  70 Black,540,10,5400,,,
966,,,,82635,,,
967,Upper Cover Window,873,36,31428,,,
968,Back  Cover  70,543,30,16290,,,
969,Housing  70 Black,555,10,5550,,,
970,Housing Sohrab,200,33,6600,,,
971,Dial Blank Sohrab JS,1000,12,12000,,,
972,,,,71868,,,
973,Upper Cover Window,816,36,29376,,,
974,Housing Sohrab,511,33,16863,,,
975,,,,46239,,,
976,,,,0,,,
977,,,,0,,,
978,,,,0,,,
979,,,,0,,,
980,,,,0,,,
981,,,,0,,,
982,,,,0,,,
983,,,,0,,,
984,,,,0,,,
985,,,,0,,,
986,,,,0,,,
987,,,,0,,,
988,,,,0,,,
989,,,,0,,,
990,,,,0,,,
991,,,,0,,,
992,,,,0,,,
993,,,,0,,,
994,,,,0,,,
995,,,,0,,,
996,,,,0,,,
997,,,,0,,,
998,,,,0,,,
999,,,,0,,,
1000,,,,0,,,
1001,,,,0,,,
1002,,,,0,,,
1003,,,,0,,,
1004,,,,0,,,
1005,,,,0,,,
1006,,,,0,,,
1007,,,,0,,,
1008,,,,0,,,
1009,,,,0,,,
1010,,,,0,,,
